{
  "firstLayout": "",
  "gdVersion": {
    "build": 99,
    "major": 4,
    "minor": 0,
    "revision": 0
  },
  "properties": {
    "adaptGameResolutionAtRuntime": true,
    "folderProject": false,
    "orientation": "landscape",
    "packageName": "br.com.dfilitto.diadeprova",
    "pixelsRounding": false,
    "projectUuid": "43db69a5-ddc1-496a-96ee-3a98e0c5bbf2",
    "scaleMode": "linear",
    "sizeOnStartupMode": "adaptWidth",
    "templateSlug": "",
    "useExternalSourceFiles": false,
    "version": "1.0.0",
    "name": "Dia de Prova",
    "description": "Jogo relacionado com a cosntrução de uma estória interativa sobre o dia a dia das minhas lilhas",
    "author": "dfilitto",
    "windowWidth": 800,
    "windowHeight": 600,
    "latestCompilationDirectory": "C:\\Users\\Danilo Filitto\\Desktop\\Nova pasta (3)",
    "maxFPS": 60,
    "minFPS": 20,
    "verticalSync": false,
    "platformSpecificAssets": {},
    "loadingScreen": {
      "backgroundColor": 0,
      "backgroundFadeInDuration": 0.2,
      "backgroundImageResourceName": "",
      "gdevelopLogoStyle": "light",
      "logoAndProgressFadeInDuration": 0.2,
      "logoAndProgressLogoFadeInDelay": 0.2,
      "minDuration": 1.5,
      "progressBarColor": 16777215,
      "progressBarHeight": 20,
      "progressBarMaxWidth": 200,
      "progressBarMinWidth": 40,
      "progressBarWidthPercent": 30,
      "showGDevelopSplash": true,
      "showProgressBar": true
    },
    "authorIds": [
      "HTIahjyMw3YUJaGCp2mi7q4DeZn1",
      "h8udqs26fmawC8Y59fEmSrkv8mi1"
    ],
    "categories": [
      "educational"
    ],
    "playableDevices": [],
    "extensionProperties": [],
    "platforms": [
      {
        "name": "GDevelop JS platform"
      }
    ],
    "currentPlatform": "GDevelop JS platform"
  },
  "resources": {
    "resources": [
      {
        "alwaysLoaded": false,
        "file": "assets/tiled_Blue background.png",
        "kind": "image",
        "metadata": "",
        "name": "tiled_Blue background.png",
        "smoothed": true,
        "userAdded": false,
        "origin": {
          "identifier": "https://resources.gdevelop-app.com/assets/Industrial Platformer Pack (110 assets)/PNG/Retina/tiled_Blue background.png",
          "name": "gdevelop-asset-store"
        }
      },
      {
        "alwaysLoaded": false,
        "file": "assets/Book.png",
        "kind": "image",
        "metadata": "",
        "name": "Book.png",
        "smoothed": true,
        "userAdded": false,
        "origin": {
          "identifier": "https://resources.gdevelop-app.com/assets/Generic Items (160 assets)/PNG/Book.png",
          "name": "gdevelop-asset-store"
        }
      },
      {
        "alwaysLoaded": false,
        "file": "assets/tiled_Blue background.png",
        "kind": "image",
        "metadata": "",
        "name": "assets\\tiled_Blue background.png",
        "smoothed": true,
        "userAdded": true
      },
      {
        "alwaysLoaded": false,
        "file": "assets/Book2.png",
        "kind": "image",
        "metadata": "",
        "name": "Book2.png",
        "smoothed": true,
        "userAdded": false,
        "origin": {
          "identifier": "https://resources.gdevelop-app.com/assets/Generic Items (160 assets)/PNG/Book2.png",
          "name": "gdevelop-asset-store"
        }
      },
      {
        "alwaysLoaded": false,
        "file": "assets/Cute Girl_Dead_1.png",
        "kind": "image",
        "metadata": "",
        "name": "Cute Girl_Dead_1.png",
        "smoothed": true,
        "userAdded": false,
        "origin": {
          "identifier": "https://resources.gdevelop-app.com/assets/pzUH Pack/Characters/Cute Girl/Cute Girl_Dead_1.png",
          "name": "gdevelop-asset-store"
        }
      },
      {
        "alwaysLoaded": false,
        "file": "assets/Cute Girl_Dead_10.png",
        "kind": "image",
        "metadata": "",
        "name": "Cute Girl_Dead_10.png",
        "smoothed": true,
        "userAdded": false,
        "origin": {
          "identifier": "https://resources.gdevelop-app.com/assets/pzUH Pack/Characters/Cute Girl/Cute Girl_Dead_10.png",
          "name": "gdevelop-asset-store"
        }
      },
      {
        "alwaysLoaded": false,
        "file": "assets/Cute Girl_Dead_11.png",
        "kind": "image",
        "metadata": "",
        "name": "Cute Girl_Dead_11.png",
        "smoothed": true,
        "userAdded": false,
        "origin": {
          "identifier": "https://resources.gdevelop-app.com/assets/pzUH Pack/Characters/Cute Girl/Cute Girl_Dead_11.png",
          "name": "gdevelop-asset-store"
        }
      },
      {
        "alwaysLoaded": false,
        "file": "assets/Cute Girl_Dead_12.png",
        "kind": "image",
        "metadata": "",
        "name": "Cute Girl_Dead_12.png",
        "smoothed": true,
        "userAdded": false,
        "origin": {
          "identifier": "https://resources.gdevelop-app.com/assets/pzUH Pack/Characters/Cute Girl/Cute Girl_Dead_12.png",
          "name": "gdevelop-asset-store"
        }
      },
      {
        "alwaysLoaded": false,
        "file": "assets/Cute Girl_Dead_13.png",
        "kind": "image",
        "metadata": "",
        "name": "Cute Girl_Dead_13.png",
        "smoothed": true,
        "userAdded": false,
        "origin": {
          "identifier": "https://resources.gdevelop-app.com/assets/pzUH Pack/Characters/Cute Girl/Cute Girl_Dead_13.png",
          "name": "gdevelop-asset-store"
        }
      },
      {
        "alwaysLoaded": false,
        "file": "assets/Cute Girl_Dead_14.png",
        "kind": "image",
        "metadata": "",
        "name": "Cute Girl_Dead_14.png",
        "smoothed": true,
        "userAdded": false,
        "origin": {
          "identifier": "https://resources.gdevelop-app.com/assets/pzUH Pack/Characters/Cute Girl/Cute Girl_Dead_14.png",
          "name": "gdevelop-asset-store"
        }
      },
      {
        "alwaysLoaded": false,
        "file": "assets/Cute Girl_Dead_15.png",
        "kind": "image",
        "metadata": "",
        "name": "Cute Girl_Dead_15.png",
        "smoothed": true,
        "userAdded": false,
        "origin": {
          "identifier": "https://resources.gdevelop-app.com/assets/pzUH Pack/Characters/Cute Girl/Cute Girl_Dead_15.png",
          "name": "gdevelop-asset-store"
        }
      },
      {
        "alwaysLoaded": false,
        "file": "assets/Cute Girl_Dead_16.png",
        "kind": "image",
        "metadata": "",
        "name": "Cute Girl_Dead_16.png",
        "smoothed": true,
        "userAdded": false,
        "origin": {
          "identifier": "https://resources.gdevelop-app.com/assets/pzUH Pack/Characters/Cute Girl/Cute Girl_Dead_16.png",
          "name": "gdevelop-asset-store"
        }
      },
      {
        "alwaysLoaded": false,
        "file": "assets/Cute Girl_Dead_17.png",
        "kind": "image",
        "metadata": "",
        "name": "Cute Girl_Dead_17.png",
        "smoothed": true,
        "userAdded": false,
        "origin": {
          "identifier": "https://resources.gdevelop-app.com/assets/pzUH Pack/Characters/Cute Girl/Cute Girl_Dead_17.png",
          "name": "gdevelop-asset-store"
        }
      },
      {
        "alwaysLoaded": false,
        "file": "assets/Cute Girl_Dead_18.png",
        "kind": "image",
        "metadata": "",
        "name": "Cute Girl_Dead_18.png",
        "smoothed": true,
        "userAdded": false,
        "origin": {
          "identifier": "https://resources.gdevelop-app.com/assets/pzUH Pack/Characters/Cute Girl/Cute Girl_Dead_18.png",
          "name": "gdevelop-asset-store"
        }
      },
      {
        "alwaysLoaded": false,
        "file": "assets/Cute Girl_Dead_19.png",
        "kind": "image",
        "metadata": "",
        "name": "Cute Girl_Dead_19.png",
        "smoothed": true,
        "userAdded": false,
        "origin": {
          "identifier": "https://resources.gdevelop-app.com/assets/pzUH Pack/Characters/Cute Girl/Cute Girl_Dead_19.png",
          "name": "gdevelop-asset-store"
        }
      },
      {
        "alwaysLoaded": false,
        "file": "assets/Cute Girl_Dead_2.png",
        "kind": "image",
        "metadata": "",
        "name": "Cute Girl_Dead_2.png",
        "smoothed": true,
        "userAdded": false,
        "origin": {
          "identifier": "https://resources.gdevelop-app.com/assets/pzUH Pack/Characters/Cute Girl/Cute Girl_Dead_2.png",
          "name": "gdevelop-asset-store"
        }
      },
      {
        "alwaysLoaded": false,
        "file": "assets/Cute Girl_Dead_20.png",
        "kind": "image",
        "metadata": "",
        "name": "Cute Girl_Dead_20.png",
        "smoothed": true,
        "userAdded": false,
        "origin": {
          "identifier": "https://resources.gdevelop-app.com/assets/pzUH Pack/Characters/Cute Girl/Cute Girl_Dead_20.png",
          "name": "gdevelop-asset-store"
        }
      },
      {
        "alwaysLoaded": false,
        "file": "assets/Cute Girl_Dead_21.png",
        "kind": "image",
        "metadata": "",
        "name": "Cute Girl_Dead_21.png",
        "smoothed": true,
        "userAdded": false,
        "origin": {
          "identifier": "https://resources.gdevelop-app.com/assets/pzUH Pack/Characters/Cute Girl/Cute Girl_Dead_21.png",
          "name": "gdevelop-asset-store"
        }
      },
      {
        "alwaysLoaded": false,
        "file": "assets/Cute Girl_Dead_22.png",
        "kind": "image",
        "metadata": "",
        "name": "Cute Girl_Dead_22.png",
        "smoothed": true,
        "userAdded": false,
        "origin": {
          "identifier": "https://resources.gdevelop-app.com/assets/pzUH Pack/Characters/Cute Girl/Cute Girl_Dead_22.png",
          "name": "gdevelop-asset-store"
        }
      },
      {
        "alwaysLoaded": false,
        "file": "assets/Cute Girl_Dead_23.png",
        "kind": "image",
        "metadata": "",
        "name": "Cute Girl_Dead_23.png",
        "smoothed": true,
        "userAdded": false,
        "origin": {
          "identifier": "https://resources.gdevelop-app.com/assets/pzUH Pack/Characters/Cute Girl/Cute Girl_Dead_23.png",
          "name": "gdevelop-asset-store"
        }
      },
      {
        "alwaysLoaded": false,
        "file": "assets/Cute Girl_Dead_24.png",
        "kind": "image",
        "metadata": "",
        "name": "Cute Girl_Dead_24.png",
        "smoothed": true,
        "userAdded": false,
        "origin": {
          "identifier": "https://resources.gdevelop-app.com/assets/pzUH Pack/Characters/Cute Girl/Cute Girl_Dead_24.png",
          "name": "gdevelop-asset-store"
        }
      },
      {
        "alwaysLoaded": false,
        "file": "assets/Cute Girl_Dead_25.png",
        "kind": "image",
        "metadata": "",
        "name": "Cute Girl_Dead_25.png",
        "smoothed": true,
        "userAdded": false,
        "origin": {
          "identifier": "https://resources.gdevelop-app.com/assets/pzUH Pack/Characters/Cute Girl/Cute Girl_Dead_25.png",
          "name": "gdevelop-asset-store"
        }
      },
      {
        "alwaysLoaded": false,
        "file": "assets/Cute Girl_Dead_26.png",
        "kind": "image",
        "metadata": "",
        "name": "Cute Girl_Dead_26.png",
        "smoothed": true,
        "userAdded": false,
        "origin": {
          "identifier": "https://resources.gdevelop-app.com/assets/pzUH Pack/Characters/Cute Girl/Cute Girl_Dead_26.png",
          "name": "gdevelop-asset-store"
        }
      },
      {
        "alwaysLoaded": false,
        "file": "assets/Cute Girl_Dead_27.png",
        "kind": "image",
        "metadata": "",
        "name": "Cute Girl_Dead_27.png",
        "smoothed": true,
        "userAdded": false,
        "origin": {
          "identifier": "https://resources.gdevelop-app.com/assets/pzUH Pack/Characters/Cute Girl/Cute Girl_Dead_27.png",
          "name": "gdevelop-asset-store"
        }
      },
      {
        "alwaysLoaded": false,
        "file": "assets/Cute Girl_Dead_28.png",
        "kind": "image",
        "metadata": "",
        "name": "Cute Girl_Dead_28.png",
        "smoothed": true,
        "userAdded": false,
        "origin": {
          "identifier": "https://resources.gdevelop-app.com/assets/pzUH Pack/Characters/Cute Girl/Cute Girl_Dead_28.png",
          "name": "gdevelop-asset-store"
        }
      },
      {
        "alwaysLoaded": false,
        "file": "assets/Cute Girl_Dead_29.png",
        "kind": "image",
        "metadata": "",
        "name": "Cute Girl_Dead_29.png",
        "smoothed": true,
        "userAdded": false,
        "origin": {
          "identifier": "https://resources.gdevelop-app.com/assets/pzUH Pack/Characters/Cute Girl/Cute Girl_Dead_29.png",
          "name": "gdevelop-asset-store"
        }
      },
      {
        "alwaysLoaded": false,
        "file": "assets/Cute Girl_Dead_3.png",
        "kind": "image",
        "metadata": "",
        "name": "Cute Girl_Dead_3.png",
        "smoothed": true,
        "userAdded": false,
        "origin": {
          "identifier": "https://resources.gdevelop-app.com/assets/pzUH Pack/Characters/Cute Girl/Cute Girl_Dead_3.png",
          "name": "gdevelop-asset-store"
        }
      },
      {
        "alwaysLoaded": false,
        "file": "assets/Cute Girl_Dead_30.png",
        "kind": "image",
        "metadata": "",
        "name": "Cute Girl_Dead_30.png",
        "smoothed": true,
        "userAdded": false,
        "origin": {
          "identifier": "https://resources.gdevelop-app.com/assets/pzUH Pack/Characters/Cute Girl/Cute Girl_Dead_30.png",
          "name": "gdevelop-asset-store"
        }
      },
      {
        "alwaysLoaded": false,
        "file": "assets/Cute Girl_Dead_4.png",
        "kind": "image",
        "metadata": "",
        "name": "Cute Girl_Dead_4.png",
        "smoothed": true,
        "userAdded": false,
        "origin": {
          "identifier": "https://resources.gdevelop-app.com/assets/pzUH Pack/Characters/Cute Girl/Cute Girl_Dead_4.png",
          "name": "gdevelop-asset-store"
        }
      },
      {
        "alwaysLoaded": false,
        "file": "assets/Cute Girl_Dead_5.png",
        "kind": "image",
        "metadata": "",
        "name": "Cute Girl_Dead_5.png",
        "smoothed": true,
        "userAdded": false,
        "origin": {
          "identifier": "https://resources.gdevelop-app.com/assets/pzUH Pack/Characters/Cute Girl/Cute Girl_Dead_5.png",
          "name": "gdevelop-asset-store"
        }
      },
      {
        "alwaysLoaded": false,
        "file": "assets/Cute Girl_Dead_6.png",
        "kind": "image",
        "metadata": "",
        "name": "Cute Girl_Dead_6.png",
        "smoothed": true,
        "userAdded": false,
        "origin": {
          "identifier": "https://resources.gdevelop-app.com/assets/pzUH Pack/Characters/Cute Girl/Cute Girl_Dead_6.png",
          "name": "gdevelop-asset-store"
        }
      },
      {
        "alwaysLoaded": false,
        "file": "assets/Cute Girl_Dead_7.png",
        "kind": "image",
        "metadata": "",
        "name": "Cute Girl_Dead_7.png",
        "smoothed": true,
        "userAdded": false,
        "origin": {
          "identifier": "https://resources.gdevelop-app.com/assets/pzUH Pack/Characters/Cute Girl/Cute Girl_Dead_7.png",
          "name": "gdevelop-asset-store"
        }
      },
      {
        "alwaysLoaded": false,
        "file": "assets/Cute Girl_Dead_8.png",
        "kind": "image",
        "metadata": "",
        "name": "Cute Girl_Dead_8.png",
        "smoothed": true,
        "userAdded": false,
        "origin": {
          "identifier": "https://resources.gdevelop-app.com/assets/pzUH Pack/Characters/Cute Girl/Cute Girl_Dead_8.png",
          "name": "gdevelop-asset-store"
        }
      },
      {
        "alwaysLoaded": false,
        "file": "assets/Cute Girl_Dead_9.png",
        "kind": "image",
        "metadata": "",
        "name": "Cute Girl_Dead_9.png",
        "smoothed": true,
        "userAdded": false,
        "origin": {
          "identifier": "https://resources.gdevelop-app.com/assets/pzUH Pack/Characters/Cute Girl/Cute Girl_Dead_9.png",
          "name": "gdevelop-asset-store"
        }
      },
      {
        "alwaysLoaded": false,
        "file": "assets/Cute Girl_Idle_1.png",
        "kind": "image",
        "metadata": "",
        "name": "Cute Girl_Idle_1.png",
        "smoothed": true,
        "userAdded": false,
        "origin": {
          "identifier": "https://resources.gdevelop-app.com/assets/pzUH Pack/Characters/Cute Girl/Cute Girl_Idle_1.png",
          "name": "gdevelop-asset-store"
        }
      },
      {
        "alwaysLoaded": false,
        "file": "assets/Cute Girl_Idle_10.png",
        "kind": "image",
        "metadata": "",
        "name": "Cute Girl_Idle_10.png",
        "smoothed": true,
        "userAdded": false,
        "origin": {
          "identifier": "https://resources.gdevelop-app.com/assets/pzUH Pack/Characters/Cute Girl/Cute Girl_Idle_10.png",
          "name": "gdevelop-asset-store"
        }
      },
      {
        "alwaysLoaded": false,
        "file": "assets/Cute Girl_Idle_11.png",
        "kind": "image",
        "metadata": "",
        "name": "Cute Girl_Idle_11.png",
        "smoothed": true,
        "userAdded": false,
        "origin": {
          "identifier": "https://resources.gdevelop-app.com/assets/pzUH Pack/Characters/Cute Girl/Cute Girl_Idle_11.png",
          "name": "gdevelop-asset-store"
        }
      },
      {
        "alwaysLoaded": false,
        "file": "assets/Cute Girl_Idle_12.png",
        "kind": "image",
        "metadata": "",
        "name": "Cute Girl_Idle_12.png",
        "smoothed": true,
        "userAdded": false,
        "origin": {
          "identifier": "https://resources.gdevelop-app.com/assets/pzUH Pack/Characters/Cute Girl/Cute Girl_Idle_12.png",
          "name": "gdevelop-asset-store"
        }
      },
      {
        "alwaysLoaded": false,
        "file": "assets/Cute Girl_Idle_13.png",
        "kind": "image",
        "metadata": "",
        "name": "Cute Girl_Idle_13.png",
        "smoothed": true,
        "userAdded": false,
        "origin": {
          "identifier": "https://resources.gdevelop-app.com/assets/pzUH Pack/Characters/Cute Girl/Cute Girl_Idle_13.png",
          "name": "gdevelop-asset-store"
        }
      },
      {
        "alwaysLoaded": false,
        "file": "assets/Cute Girl_Idle_14.png",
        "kind": "image",
        "metadata": "",
        "name": "Cute Girl_Idle_14.png",
        "smoothed": true,
        "userAdded": false,
        "origin": {
          "identifier": "https://resources.gdevelop-app.com/assets/pzUH Pack/Characters/Cute Girl/Cute Girl_Idle_14.png",
          "name": "gdevelop-asset-store"
        }
      },
      {
        "alwaysLoaded": false,
        "file": "assets/Cute Girl_Idle_15.png",
        "kind": "image",
        "metadata": "",
        "name": "Cute Girl_Idle_15.png",
        "smoothed": true,
        "userAdded": false,
        "origin": {
          "identifier": "https://resources.gdevelop-app.com/assets/pzUH Pack/Characters/Cute Girl/Cute Girl_Idle_15.png",
          "name": "gdevelop-asset-store"
        }
      },
      {
        "alwaysLoaded": false,
        "file": "assets/Cute Girl_Idle_16.png",
        "kind": "image",
        "metadata": "",
        "name": "Cute Girl_Idle_16.png",
        "smoothed": true,
        "userAdded": false,
        "origin": {
          "identifier": "https://resources.gdevelop-app.com/assets/pzUH Pack/Characters/Cute Girl/Cute Girl_Idle_16.png",
          "name": "gdevelop-asset-store"
        }
      },
      {
        "alwaysLoaded": false,
        "file": "assets/Cute Girl_Idle_2.png",
        "kind": "image",
        "metadata": "",
        "name": "Cute Girl_Idle_2.png",
        "smoothed": true,
        "userAdded": false,
        "origin": {
          "identifier": "https://resources.gdevelop-app.com/assets/pzUH Pack/Characters/Cute Girl/Cute Girl_Idle_2.png",
          "name": "gdevelop-asset-store"
        }
      },
      {
        "alwaysLoaded": false,
        "file": "assets/Cute Girl_Idle_3.png",
        "kind": "image",
        "metadata": "",
        "name": "Cute Girl_Idle_3.png",
        "smoothed": true,
        "userAdded": false,
        "origin": {
          "identifier": "https://resources.gdevelop-app.com/assets/pzUH Pack/Characters/Cute Girl/Cute Girl_Idle_3.png",
          "name": "gdevelop-asset-store"
        }
      },
      {
        "alwaysLoaded": false,
        "file": "assets/Cute Girl_Idle_4.png",
        "kind": "image",
        "metadata": "",
        "name": "Cute Girl_Idle_4.png",
        "smoothed": true,
        "userAdded": false,
        "origin": {
          "identifier": "https://resources.gdevelop-app.com/assets/pzUH Pack/Characters/Cute Girl/Cute Girl_Idle_4.png",
          "name": "gdevelop-asset-store"
        }
      },
      {
        "alwaysLoaded": false,
        "file": "assets/Cute Girl_Idle_5.png",
        "kind": "image",
        "metadata": "",
        "name": "Cute Girl_Idle_5.png",
        "smoothed": true,
        "userAdded": false,
        "origin": {
          "identifier": "https://resources.gdevelop-app.com/assets/pzUH Pack/Characters/Cute Girl/Cute Girl_Idle_5.png",
          "name": "gdevelop-asset-store"
        }
      },
      {
        "alwaysLoaded": false,
        "file": "assets/Cute Girl_Idle_6.png",
        "kind": "image",
        "metadata": "",
        "name": "Cute Girl_Idle_6.png",
        "smoothed": true,
        "userAdded": false,
        "origin": {
          "identifier": "https://resources.gdevelop-app.com/assets/pzUH Pack/Characters/Cute Girl/Cute Girl_Idle_6.png",
          "name": "gdevelop-asset-store"
        }
      },
      {
        "alwaysLoaded": false,
        "file": "assets/Cute Girl_Idle_7.png",
        "kind": "image",
        "metadata": "",
        "name": "Cute Girl_Idle_7.png",
        "smoothed": true,
        "userAdded": false,
        "origin": {
          "identifier": "https://resources.gdevelop-app.com/assets/pzUH Pack/Characters/Cute Girl/Cute Girl_Idle_7.png",
          "name": "gdevelop-asset-store"
        }
      },
      {
        "alwaysLoaded": false,
        "file": "assets/Cute Girl_Idle_8.png",
        "kind": "image",
        "metadata": "",
        "name": "Cute Girl_Idle_8.png",
        "smoothed": true,
        "userAdded": false,
        "origin": {
          "identifier": "https://resources.gdevelop-app.com/assets/pzUH Pack/Characters/Cute Girl/Cute Girl_Idle_8.png",
          "name": "gdevelop-asset-store"
        }
      },
      {
        "alwaysLoaded": false,
        "file": "assets/Cute Girl_Idle_9.png",
        "kind": "image",
        "metadata": "",
        "name": "Cute Girl_Idle_9.png",
        "smoothed": true,
        "userAdded": false,
        "origin": {
          "identifier": "https://resources.gdevelop-app.com/assets/pzUH Pack/Characters/Cute Girl/Cute Girl_Idle_9.png",
          "name": "gdevelop-asset-store"
        }
      },
      {
        "alwaysLoaded": false,
        "file": "assets/Cute Girl_Jump_1.png",
        "kind": "image",
        "metadata": "",
        "name": "Cute Girl_Jump_1.png",
        "smoothed": true,
        "userAdded": false,
        "origin": {
          "identifier": "https://resources.gdevelop-app.com/assets/pzUH Pack/Characters/Cute Girl/Cute Girl_Jump_1.png",
          "name": "gdevelop-asset-store"
        }
      },
      {
        "alwaysLoaded": false,
        "file": "assets/Cute Girl_Jump_10.png",
        "kind": "image",
        "metadata": "",
        "name": "Cute Girl_Jump_10.png",
        "smoothed": true,
        "userAdded": false,
        "origin": {
          "identifier": "https://resources.gdevelop-app.com/assets/pzUH Pack/Characters/Cute Girl/Cute Girl_Jump_10.png",
          "name": "gdevelop-asset-store"
        }
      },
      {
        "alwaysLoaded": false,
        "file": "assets/Cute Girl_Jump_11.png",
        "kind": "image",
        "metadata": "",
        "name": "Cute Girl_Jump_11.png",
        "smoothed": true,
        "userAdded": false,
        "origin": {
          "identifier": "https://resources.gdevelop-app.com/assets/pzUH Pack/Characters/Cute Girl/Cute Girl_Jump_11.png",
          "name": "gdevelop-asset-store"
        }
      },
      {
        "alwaysLoaded": false,
        "file": "assets/Cute Girl_Jump_12.png",
        "kind": "image",
        "metadata": "",
        "name": "Cute Girl_Jump_12.png",
        "smoothed": true,
        "userAdded": false,
        "origin": {
          "identifier": "https://resources.gdevelop-app.com/assets/pzUH Pack/Characters/Cute Girl/Cute Girl_Jump_12.png",
          "name": "gdevelop-asset-store"
        }
      },
      {
        "alwaysLoaded": false,
        "file": "assets/Cute Girl_Jump_13.png",
        "kind": "image",
        "metadata": "",
        "name": "Cute Girl_Jump_13.png",
        "smoothed": true,
        "userAdded": false,
        "origin": {
          "identifier": "https://resources.gdevelop-app.com/assets/pzUH Pack/Characters/Cute Girl/Cute Girl_Jump_13.png",
          "name": "gdevelop-asset-store"
        }
      },
      {
        "alwaysLoaded": false,
        "file": "assets/Cute Girl_Jump_14.png",
        "kind": "image",
        "metadata": "",
        "name": "Cute Girl_Jump_14.png",
        "smoothed": true,
        "userAdded": false,
        "origin": {
          "identifier": "https://resources.gdevelop-app.com/assets/pzUH Pack/Characters/Cute Girl/Cute Girl_Jump_14.png",
          "name": "gdevelop-asset-store"
        }
      },
      {
        "alwaysLoaded": false,
        "file": "assets/Cute Girl_Jump_15.png",
        "kind": "image",
        "metadata": "",
        "name": "Cute Girl_Jump_15.png",
        "smoothed": true,
        "userAdded": false,
        "origin": {
          "identifier": "https://resources.gdevelop-app.com/assets/pzUH Pack/Characters/Cute Girl/Cute Girl_Jump_15.png",
          "name": "gdevelop-asset-store"
        }
      },
      {
        "alwaysLoaded": false,
        "file": "assets/Cute Girl_Jump_16.png",
        "kind": "image",
        "metadata": "",
        "name": "Cute Girl_Jump_16.png",
        "smoothed": true,
        "userAdded": false,
        "origin": {
          "identifier": "https://resources.gdevelop-app.com/assets/pzUH Pack/Characters/Cute Girl/Cute Girl_Jump_16.png",
          "name": "gdevelop-asset-store"
        }
      },
      {
        "alwaysLoaded": false,
        "file": "assets/Cute Girl_Jump_17.png",
        "kind": "image",
        "metadata": "",
        "name": "Cute Girl_Jump_17.png",
        "smoothed": true,
        "userAdded": false,
        "origin": {
          "identifier": "https://resources.gdevelop-app.com/assets/pzUH Pack/Characters/Cute Girl/Cute Girl_Jump_17.png",
          "name": "gdevelop-asset-store"
        }
      },
      {
        "alwaysLoaded": false,
        "file": "assets/Cute Girl_Jump_18.png",
        "kind": "image",
        "metadata": "",
        "name": "Cute Girl_Jump_18.png",
        "smoothed": true,
        "userAdded": false,
        "origin": {
          "identifier": "https://resources.gdevelop-app.com/assets/pzUH Pack/Characters/Cute Girl/Cute Girl_Jump_18.png",
          "name": "gdevelop-asset-store"
        }
      },
      {
        "alwaysLoaded": false,
        "file": "assets/Cute Girl_Jump_19.png",
        "kind": "image",
        "metadata": "",
        "name": "Cute Girl_Jump_19.png",
        "smoothed": true,
        "userAdded": false,
        "origin": {
          "identifier": "https://resources.gdevelop-app.com/assets/pzUH Pack/Characters/Cute Girl/Cute Girl_Jump_19.png",
          "name": "gdevelop-asset-store"
        }
      },
      {
        "alwaysLoaded": false,
        "file": "assets/Cute Girl_Jump_2.png",
        "kind": "image",
        "metadata": "",
        "name": "Cute Girl_Jump_2.png",
        "smoothed": true,
        "userAdded": false,
        "origin": {
          "identifier": "https://resources.gdevelop-app.com/assets/pzUH Pack/Characters/Cute Girl/Cute Girl_Jump_2.png",
          "name": "gdevelop-asset-store"
        }
      },
      {
        "alwaysLoaded": false,
        "file": "assets/Cute Girl_Jump_20.png",
        "kind": "image",
        "metadata": "",
        "name": "Cute Girl_Jump_20.png",
        "smoothed": true,
        "userAdded": false,
        "origin": {
          "identifier": "https://resources.gdevelop-app.com/assets/pzUH Pack/Characters/Cute Girl/Cute Girl_Jump_20.png",
          "name": "gdevelop-asset-store"
        }
      },
      {
        "alwaysLoaded": false,
        "file": "assets/Cute Girl_Jump_21.png",
        "kind": "image",
        "metadata": "",
        "name": "Cute Girl_Jump_21.png",
        "smoothed": true,
        "userAdded": false,
        "origin": {
          "identifier": "https://resources.gdevelop-app.com/assets/pzUH Pack/Characters/Cute Girl/Cute Girl_Jump_21.png",
          "name": "gdevelop-asset-store"
        }
      },
      {
        "alwaysLoaded": false,
        "file": "assets/Cute Girl_Jump_22.png",
        "kind": "image",
        "metadata": "",
        "name": "Cute Girl_Jump_22.png",
        "smoothed": true,
        "userAdded": false,
        "origin": {
          "identifier": "https://resources.gdevelop-app.com/assets/pzUH Pack/Characters/Cute Girl/Cute Girl_Jump_22.png",
          "name": "gdevelop-asset-store"
        }
      },
      {
        "alwaysLoaded": false,
        "file": "assets/Cute Girl_Jump_23.png",
        "kind": "image",
        "metadata": "",
        "name": "Cute Girl_Jump_23.png",
        "smoothed": true,
        "userAdded": false,
        "origin": {
          "identifier": "https://resources.gdevelop-app.com/assets/pzUH Pack/Characters/Cute Girl/Cute Girl_Jump_23.png",
          "name": "gdevelop-asset-store"
        }
      },
      {
        "alwaysLoaded": false,
        "file": "assets/Cute Girl_Jump_24.png",
        "kind": "image",
        "metadata": "",
        "name": "Cute Girl_Jump_24.png",
        "smoothed": true,
        "userAdded": false,
        "origin": {
          "identifier": "https://resources.gdevelop-app.com/assets/pzUH Pack/Characters/Cute Girl/Cute Girl_Jump_24.png",
          "name": "gdevelop-asset-store"
        }
      },
      {
        "alwaysLoaded": false,
        "file": "assets/Cute Girl_Jump_25.png",
        "kind": "image",
        "metadata": "",
        "name": "Cute Girl_Jump_25.png",
        "smoothed": true,
        "userAdded": false,
        "origin": {
          "identifier": "https://resources.gdevelop-app.com/assets/pzUH Pack/Characters/Cute Girl/Cute Girl_Jump_25.png",
          "name": "gdevelop-asset-store"
        }
      },
      {
        "alwaysLoaded": false,
        "file": "assets/Cute Girl_Jump_26.png",
        "kind": "image",
        "metadata": "",
        "name": "Cute Girl_Jump_26.png",
        "smoothed": true,
        "userAdded": false,
        "origin": {
          "identifier": "https://resources.gdevelop-app.com/assets/pzUH Pack/Characters/Cute Girl/Cute Girl_Jump_26.png",
          "name": "gdevelop-asset-store"
        }
      },
      {
        "alwaysLoaded": false,
        "file": "assets/Cute Girl_Jump_27.png",
        "kind": "image",
        "metadata": "",
        "name": "Cute Girl_Jump_27.png",
        "smoothed": true,
        "userAdded": false,
        "origin": {
          "identifier": "https://resources.gdevelop-app.com/assets/pzUH Pack/Characters/Cute Girl/Cute Girl_Jump_27.png",
          "name": "gdevelop-asset-store"
        }
      },
      {
        "alwaysLoaded": false,
        "file": "assets/Cute Girl_Jump_28.png",
        "kind": "image",
        "metadata": "",
        "name": "Cute Girl_Jump_28.png",
        "smoothed": true,
        "userAdded": false,
        "origin": {
          "identifier": "https://resources.gdevelop-app.com/assets/pzUH Pack/Characters/Cute Girl/Cute Girl_Jump_28.png",
          "name": "gdevelop-asset-store"
        }
      },
      {
        "alwaysLoaded": false,
        "file": "assets/Cute Girl_Jump_29.png",
        "kind": "image",
        "metadata": "",
        "name": "Cute Girl_Jump_29.png",
        "smoothed": true,
        "userAdded": false,
        "origin": {
          "identifier": "https://resources.gdevelop-app.com/assets/pzUH Pack/Characters/Cute Girl/Cute Girl_Jump_29.png",
          "name": "gdevelop-asset-store"
        }
      },
      {
        "alwaysLoaded": false,
        "file": "assets/Cute Girl_Jump_3.png",
        "kind": "image",
        "metadata": "",
        "name": "Cute Girl_Jump_3.png",
        "smoothed": true,
        "userAdded": false,
        "origin": {
          "identifier": "https://resources.gdevelop-app.com/assets/pzUH Pack/Characters/Cute Girl/Cute Girl_Jump_3.png",
          "name": "gdevelop-asset-store"
        }
      },
      {
        "alwaysLoaded": false,
        "file": "assets/Cute Girl_Jump_30.png",
        "kind": "image",
        "metadata": "",
        "name": "Cute Girl_Jump_30.png",
        "smoothed": true,
        "userAdded": false,
        "origin": {
          "identifier": "https://resources.gdevelop-app.com/assets/pzUH Pack/Characters/Cute Girl/Cute Girl_Jump_30.png",
          "name": "gdevelop-asset-store"
        }
      },
      {
        "alwaysLoaded": false,
        "file": "assets/Cute Girl_Jump_4.png",
        "kind": "image",
        "metadata": "",
        "name": "Cute Girl_Jump_4.png",
        "smoothed": true,
        "userAdded": false,
        "origin": {
          "identifier": "https://resources.gdevelop-app.com/assets/pzUH Pack/Characters/Cute Girl/Cute Girl_Jump_4.png",
          "name": "gdevelop-asset-store"
        }
      },
      {
        "alwaysLoaded": false,
        "file": "assets/Cute Girl_Jump_5.png",
        "kind": "image",
        "metadata": "",
        "name": "Cute Girl_Jump_5.png",
        "smoothed": true,
        "userAdded": false,
        "origin": {
          "identifier": "https://resources.gdevelop-app.com/assets/pzUH Pack/Characters/Cute Girl/Cute Girl_Jump_5.png",
          "name": "gdevelop-asset-store"
        }
      },
      {
        "alwaysLoaded": false,
        "file": "assets/Cute Girl_Jump_6.png",
        "kind": "image",
        "metadata": "",
        "name": "Cute Girl_Jump_6.png",
        "smoothed": true,
        "userAdded": false,
        "origin": {
          "identifier": "https://resources.gdevelop-app.com/assets/pzUH Pack/Characters/Cute Girl/Cute Girl_Jump_6.png",
          "name": "gdevelop-asset-store"
        }
      },
      {
        "alwaysLoaded": false,
        "file": "assets/Cute Girl_Jump_7.png",
        "kind": "image",
        "metadata": "",
        "name": "Cute Girl_Jump_7.png",
        "smoothed": true,
        "userAdded": false,
        "origin": {
          "identifier": "https://resources.gdevelop-app.com/assets/pzUH Pack/Characters/Cute Girl/Cute Girl_Jump_7.png",
          "name": "gdevelop-asset-store"
        }
      },
      {
        "alwaysLoaded": false,
        "file": "assets/Cute Girl_Jump_8.png",
        "kind": "image",
        "metadata": "",
        "name": "Cute Girl_Jump_8.png",
        "smoothed": true,
        "userAdded": false,
        "origin": {
          "identifier": "https://resources.gdevelop-app.com/assets/pzUH Pack/Characters/Cute Girl/Cute Girl_Jump_8.png",
          "name": "gdevelop-asset-store"
        }
      },
      {
        "alwaysLoaded": false,
        "file": "assets/Cute Girl_Jump_9.png",
        "kind": "image",
        "metadata": "",
        "name": "Cute Girl_Jump_9.png",
        "smoothed": true,
        "userAdded": false,
        "origin": {
          "identifier": "https://resources.gdevelop-app.com/assets/pzUH Pack/Characters/Cute Girl/Cute Girl_Jump_9.png",
          "name": "gdevelop-asset-store"
        }
      },
      {
        "alwaysLoaded": false,
        "file": "assets/Cute Girl_Run_1.png",
        "kind": "image",
        "metadata": "",
        "name": "Cute Girl_Run_1.png",
        "smoothed": true,
        "userAdded": false,
        "origin": {
          "identifier": "https://resources.gdevelop-app.com/assets/pzUH Pack/Characters/Cute Girl/Cute Girl_Run_1.png",
          "name": "gdevelop-asset-store"
        }
      },
      {
        "alwaysLoaded": false,
        "file": "assets/Cute Girl_Run_10.png",
        "kind": "image",
        "metadata": "",
        "name": "Cute Girl_Run_10.png",
        "smoothed": true,
        "userAdded": false,
        "origin": {
          "identifier": "https://resources.gdevelop-app.com/assets/pzUH Pack/Characters/Cute Girl/Cute Girl_Run_10.png",
          "name": "gdevelop-asset-store"
        }
      },
      {
        "alwaysLoaded": false,
        "file": "assets/Cute Girl_Run_11.png",
        "kind": "image",
        "metadata": "",
        "name": "Cute Girl_Run_11.png",
        "smoothed": true,
        "userAdded": false,
        "origin": {
          "identifier": "https://resources.gdevelop-app.com/assets/pzUH Pack/Characters/Cute Girl/Cute Girl_Run_11.png",
          "name": "gdevelop-asset-store"
        }
      },
      {
        "alwaysLoaded": false,
        "file": "assets/Cute Girl_Run_12.png",
        "kind": "image",
        "metadata": "",
        "name": "Cute Girl_Run_12.png",
        "smoothed": true,
        "userAdded": false,
        "origin": {
          "identifier": "https://resources.gdevelop-app.com/assets/pzUH Pack/Characters/Cute Girl/Cute Girl_Run_12.png",
          "name": "gdevelop-asset-store"
        }
      },
      {
        "alwaysLoaded": false,
        "file": "assets/Cute Girl_Run_13.png",
        "kind": "image",
        "metadata": "",
        "name": "Cute Girl_Run_13.png",
        "smoothed": true,
        "userAdded": false,
        "origin": {
          "identifier": "https://resources.gdevelop-app.com/assets/pzUH Pack/Characters/Cute Girl/Cute Girl_Run_13.png",
          "name": "gdevelop-asset-store"
        }
      },
      {
        "alwaysLoaded": false,
        "file": "assets/Cute Girl_Run_14.png",
        "kind": "image",
        "metadata": "",
        "name": "Cute Girl_Run_14.png",
        "smoothed": true,
        "userAdded": false,
        "origin": {
          "identifier": "https://resources.gdevelop-app.com/assets/pzUH Pack/Characters/Cute Girl/Cute Girl_Run_14.png",
          "name": "gdevelop-asset-store"
        }
      },
      {
        "alwaysLoaded": false,
        "file": "assets/Cute Girl_Run_15.png",
        "kind": "image",
        "metadata": "",
        "name": "Cute Girl_Run_15.png",
        "smoothed": true,
        "userAdded": false,
        "origin": {
          "identifier": "https://resources.gdevelop-app.com/assets/pzUH Pack/Characters/Cute Girl/Cute Girl_Run_15.png",
          "name": "gdevelop-asset-store"
        }
      },
      {
        "alwaysLoaded": false,
        "file": "assets/Cute Girl_Run_16.png",
        "kind": "image",
        "metadata": "",
        "name": "Cute Girl_Run_16.png",
        "smoothed": true,
        "userAdded": false,
        "origin": {
          "identifier": "https://resources.gdevelop-app.com/assets/pzUH Pack/Characters/Cute Girl/Cute Girl_Run_16.png",
          "name": "gdevelop-asset-store"
        }
      },
      {
        "alwaysLoaded": false,
        "file": "assets/Cute Girl_Run_17.png",
        "kind": "image",
        "metadata": "",
        "name": "Cute Girl_Run_17.png",
        "smoothed": true,
        "userAdded": false,
        "origin": {
          "identifier": "https://resources.gdevelop-app.com/assets/pzUH Pack/Characters/Cute Girl/Cute Girl_Run_17.png",
          "name": "gdevelop-asset-store"
        }
      },
      {
        "alwaysLoaded": false,
        "file": "assets/Cute Girl_Run_18.png",
        "kind": "image",
        "metadata": "",
        "name": "Cute Girl_Run_18.png",
        "smoothed": true,
        "userAdded": false,
        "origin": {
          "identifier": "https://resources.gdevelop-app.com/assets/pzUH Pack/Characters/Cute Girl/Cute Girl_Run_18.png",
          "name": "gdevelop-asset-store"
        }
      },
      {
        "alwaysLoaded": false,
        "file": "assets/Cute Girl_Run_19.png",
        "kind": "image",
        "metadata": "",
        "name": "Cute Girl_Run_19.png",
        "smoothed": true,
        "userAdded": false,
        "origin": {
          "identifier": "https://resources.gdevelop-app.com/assets/pzUH Pack/Characters/Cute Girl/Cute Girl_Run_19.png",
          "name": "gdevelop-asset-store"
        }
      },
      {
        "alwaysLoaded": false,
        "file": "assets/Cute Girl_Run_2.png",
        "kind": "image",
        "metadata": "",
        "name": "Cute Girl_Run_2.png",
        "smoothed": true,
        "userAdded": false,
        "origin": {
          "identifier": "https://resources.gdevelop-app.com/assets/pzUH Pack/Characters/Cute Girl/Cute Girl_Run_2.png",
          "name": "gdevelop-asset-store"
        }
      },
      {
        "alwaysLoaded": false,
        "file": "assets/Cute Girl_Run_20.png",
        "kind": "image",
        "metadata": "",
        "name": "Cute Girl_Run_20.png",
        "smoothed": true,
        "userAdded": false,
        "origin": {
          "identifier": "https://resources.gdevelop-app.com/assets/pzUH Pack/Characters/Cute Girl/Cute Girl_Run_20.png",
          "name": "gdevelop-asset-store"
        }
      },
      {
        "alwaysLoaded": false,
        "file": "assets/Cute Girl_Run_3.png",
        "kind": "image",
        "metadata": "",
        "name": "Cute Girl_Run_3.png",
        "smoothed": true,
        "userAdded": false,
        "origin": {
          "identifier": "https://resources.gdevelop-app.com/assets/pzUH Pack/Characters/Cute Girl/Cute Girl_Run_3.png",
          "name": "gdevelop-asset-store"
        }
      },
      {
        "alwaysLoaded": false,
        "file": "assets/Cute Girl_Run_4.png",
        "kind": "image",
        "metadata": "",
        "name": "Cute Girl_Run_4.png",
        "smoothed": true,
        "userAdded": false,
        "origin": {
          "identifier": "https://resources.gdevelop-app.com/assets/pzUH Pack/Characters/Cute Girl/Cute Girl_Run_4.png",
          "name": "gdevelop-asset-store"
        }
      },
      {
        "alwaysLoaded": false,
        "file": "assets/Cute Girl_Run_5.png",
        "kind": "image",
        "metadata": "",
        "name": "Cute Girl_Run_5.png",
        "smoothed": true,
        "userAdded": false,
        "origin": {
          "identifier": "https://resources.gdevelop-app.com/assets/pzUH Pack/Characters/Cute Girl/Cute Girl_Run_5.png",
          "name": "gdevelop-asset-store"
        }
      },
      {
        "alwaysLoaded": false,
        "file": "assets/Cute Girl_Run_6.png",
        "kind": "image",
        "metadata": "",
        "name": "Cute Girl_Run_6.png",
        "smoothed": true,
        "userAdded": false,
        "origin": {
          "identifier": "https://resources.gdevelop-app.com/assets/pzUH Pack/Characters/Cute Girl/Cute Girl_Run_6.png",
          "name": "gdevelop-asset-store"
        }
      },
      {
        "alwaysLoaded": false,
        "file": "assets/Cute Girl_Run_7.png",
        "kind": "image",
        "metadata": "",
        "name": "Cute Girl_Run_7.png",
        "smoothed": true,
        "userAdded": false,
        "origin": {
          "identifier": "https://resources.gdevelop-app.com/assets/pzUH Pack/Characters/Cute Girl/Cute Girl_Run_7.png",
          "name": "gdevelop-asset-store"
        }
      },
      {
        "alwaysLoaded": false,
        "file": "assets/Cute Girl_Run_8.png",
        "kind": "image",
        "metadata": "",
        "name": "Cute Girl_Run_8.png",
        "smoothed": true,
        "userAdded": false,
        "origin": {
          "identifier": "https://resources.gdevelop-app.com/assets/pzUH Pack/Characters/Cute Girl/Cute Girl_Run_8.png",
          "name": "gdevelop-asset-store"
        }
      },
      {
        "alwaysLoaded": false,
        "file": "assets/Cute Girl_Run_9.png",
        "kind": "image",
        "metadata": "",
        "name": "Cute Girl_Run_9.png",
        "smoothed": true,
        "userAdded": false,
        "origin": {
          "identifier": "https://resources.gdevelop-app.com/assets/pzUH Pack/Characters/Cute Girl/Cute Girl_Run_9.png",
          "name": "gdevelop-asset-store"
        }
      },
      {
        "alwaysLoaded": false,
        "file": "assets/Cute Girl_Walk_1.png",
        "kind": "image",
        "metadata": "",
        "name": "Cute Girl_Walk_1.png",
        "smoothed": true,
        "userAdded": false,
        "origin": {
          "identifier": "https://resources.gdevelop-app.com/assets/pzUH Pack/Characters/Cute Girl/Cute Girl_Walk_1.png",
          "name": "gdevelop-asset-store"
        }
      },
      {
        "alwaysLoaded": false,
        "file": "assets/Cute Girl_Walk_10.png",
        "kind": "image",
        "metadata": "",
        "name": "Cute Girl_Walk_10.png",
        "smoothed": true,
        "userAdded": false,
        "origin": {
          "identifier": "https://resources.gdevelop-app.com/assets/pzUH Pack/Characters/Cute Girl/Cute Girl_Walk_10.png",
          "name": "gdevelop-asset-store"
        }
      },
      {
        "alwaysLoaded": false,
        "file": "assets/Cute Girl_Walk_11.png",
        "kind": "image",
        "metadata": "",
        "name": "Cute Girl_Walk_11.png",
        "smoothed": true,
        "userAdded": false,
        "origin": {
          "identifier": "https://resources.gdevelop-app.com/assets/pzUH Pack/Characters/Cute Girl/Cute Girl_Walk_11.png",
          "name": "gdevelop-asset-store"
        }
      },
      {
        "alwaysLoaded": false,
        "file": "assets/Cute Girl_Walk_12.png",
        "kind": "image",
        "metadata": "",
        "name": "Cute Girl_Walk_12.png",
        "smoothed": true,
        "userAdded": false,
        "origin": {
          "identifier": "https://resources.gdevelop-app.com/assets/pzUH Pack/Characters/Cute Girl/Cute Girl_Walk_12.png",
          "name": "gdevelop-asset-store"
        }
      },
      {
        "alwaysLoaded": false,
        "file": "assets/Cute Girl_Walk_13.png",
        "kind": "image",
        "metadata": "",
        "name": "Cute Girl_Walk_13.png",
        "smoothed": true,
        "userAdded": false,
        "origin": {
          "identifier": "https://resources.gdevelop-app.com/assets/pzUH Pack/Characters/Cute Girl/Cute Girl_Walk_13.png",
          "name": "gdevelop-asset-store"
        }
      },
      {
        "alwaysLoaded": false,
        "file": "assets/Cute Girl_Walk_14.png",
        "kind": "image",
        "metadata": "",
        "name": "Cute Girl_Walk_14.png",
        "smoothed": true,
        "userAdded": false,
        "origin": {
          "identifier": "https://resources.gdevelop-app.com/assets/pzUH Pack/Characters/Cute Girl/Cute Girl_Walk_14.png",
          "name": "gdevelop-asset-store"
        }
      },
      {
        "alwaysLoaded": false,
        "file": "assets/Cute Girl_Walk_15.png",
        "kind": "image",
        "metadata": "",
        "name": "Cute Girl_Walk_15.png",
        "smoothed": true,
        "userAdded": false,
        "origin": {
          "identifier": "https://resources.gdevelop-app.com/assets/pzUH Pack/Characters/Cute Girl/Cute Girl_Walk_15.png",
          "name": "gdevelop-asset-store"
        }
      },
      {
        "alwaysLoaded": false,
        "file": "assets/Cute Girl_Walk_16.png",
        "kind": "image",
        "metadata": "",
        "name": "Cute Girl_Walk_16.png",
        "smoothed": true,
        "userAdded": false,
        "origin": {
          "identifier": "https://resources.gdevelop-app.com/assets/pzUH Pack/Characters/Cute Girl/Cute Girl_Walk_16.png",
          "name": "gdevelop-asset-store"
        }
      },
      {
        "alwaysLoaded": false,
        "file": "assets/Cute Girl_Walk_17.png",
        "kind": "image",
        "metadata": "",
        "name": "Cute Girl_Walk_17.png",
        "smoothed": true,
        "userAdded": false,
        "origin": {
          "identifier": "https://resources.gdevelop-app.com/assets/pzUH Pack/Characters/Cute Girl/Cute Girl_Walk_17.png",
          "name": "gdevelop-asset-store"
        }
      },
      {
        "alwaysLoaded": false,
        "file": "assets/Cute Girl_Walk_18.png",
        "kind": "image",
        "metadata": "",
        "name": "Cute Girl_Walk_18.png",
        "smoothed": true,
        "userAdded": false,
        "origin": {
          "identifier": "https://resources.gdevelop-app.com/assets/pzUH Pack/Characters/Cute Girl/Cute Girl_Walk_18.png",
          "name": "gdevelop-asset-store"
        }
      },
      {
        "alwaysLoaded": false,
        "file": "assets/Cute Girl_Walk_19.png",
        "kind": "image",
        "metadata": "",
        "name": "Cute Girl_Walk_19.png",
        "smoothed": true,
        "userAdded": false,
        "origin": {
          "identifier": "https://resources.gdevelop-app.com/assets/pzUH Pack/Characters/Cute Girl/Cute Girl_Walk_19.png",
          "name": "gdevelop-asset-store"
        }
      },
      {
        "alwaysLoaded": false,
        "file": "assets/Cute Girl_Walk_2.png",
        "kind": "image",
        "metadata": "",
        "name": "Cute Girl_Walk_2.png",
        "smoothed": true,
        "userAdded": false,
        "origin": {
          "identifier": "https://resources.gdevelop-app.com/assets/pzUH Pack/Characters/Cute Girl/Cute Girl_Walk_2.png",
          "name": "gdevelop-asset-store"
        }
      },
      {
        "alwaysLoaded": false,
        "file": "assets/Cute Girl_Walk_20.png",
        "kind": "image",
        "metadata": "",
        "name": "Cute Girl_Walk_20.png",
        "smoothed": true,
        "userAdded": false,
        "origin": {
          "identifier": "https://resources.gdevelop-app.com/assets/pzUH Pack/Characters/Cute Girl/Cute Girl_Walk_20.png",
          "name": "gdevelop-asset-store"
        }
      },
      {
        "alwaysLoaded": false,
        "file": "assets/Cute Girl_Walk_3.png",
        "kind": "image",
        "metadata": "",
        "name": "Cute Girl_Walk_3.png",
        "smoothed": true,
        "userAdded": false,
        "origin": {
          "identifier": "https://resources.gdevelop-app.com/assets/pzUH Pack/Characters/Cute Girl/Cute Girl_Walk_3.png",
          "name": "gdevelop-asset-store"
        }
      },
      {
        "alwaysLoaded": false,
        "file": "assets/Cute Girl_Walk_4.png",
        "kind": "image",
        "metadata": "",
        "name": "Cute Girl_Walk_4.png",
        "smoothed": true,
        "userAdded": false,
        "origin": {
          "identifier": "https://resources.gdevelop-app.com/assets/pzUH Pack/Characters/Cute Girl/Cute Girl_Walk_4.png",
          "name": "gdevelop-asset-store"
        }
      },
      {
        "alwaysLoaded": false,
        "file": "assets/Cute Girl_Walk_5.png",
        "kind": "image",
        "metadata": "",
        "name": "Cute Girl_Walk_5.png",
        "smoothed": true,
        "userAdded": false,
        "origin": {
          "identifier": "https://resources.gdevelop-app.com/assets/pzUH Pack/Characters/Cute Girl/Cute Girl_Walk_5.png",
          "name": "gdevelop-asset-store"
        }
      },
      {
        "alwaysLoaded": false,
        "file": "assets/Cute Girl_Walk_6.png",
        "kind": "image",
        "metadata": "",
        "name": "Cute Girl_Walk_6.png",
        "smoothed": true,
        "userAdded": false,
        "origin": {
          "identifier": "https://resources.gdevelop-app.com/assets/pzUH Pack/Characters/Cute Girl/Cute Girl_Walk_6.png",
          "name": "gdevelop-asset-store"
        }
      },
      {
        "alwaysLoaded": false,
        "file": "assets/Cute Girl_Walk_7.png",
        "kind": "image",
        "metadata": "",
        "name": "Cute Girl_Walk_7.png",
        "smoothed": true,
        "userAdded": false,
        "origin": {
          "identifier": "https://resources.gdevelop-app.com/assets/pzUH Pack/Characters/Cute Girl/Cute Girl_Walk_7.png",
          "name": "gdevelop-asset-store"
        }
      },
      {
        "alwaysLoaded": false,
        "file": "assets/Cute Girl_Walk_8.png",
        "kind": "image",
        "metadata": "",
        "name": "Cute Girl_Walk_8.png",
        "smoothed": true,
        "userAdded": false,
        "origin": {
          "identifier": "https://resources.gdevelop-app.com/assets/pzUH Pack/Characters/Cute Girl/Cute Girl_Walk_8.png",
          "name": "gdevelop-asset-store"
        }
      },
      {
        "alwaysLoaded": false,
        "file": "assets/Cute Girl_Walk_9.png",
        "kind": "image",
        "metadata": "",
        "name": "Cute Girl_Walk_9.png",
        "smoothed": true,
        "userAdded": false,
        "origin": {
          "identifier": "https://resources.gdevelop-app.com/assets/pzUH Pack/Characters/Cute Girl/Cute Girl_Walk_9.png",
          "name": "gdevelop-asset-store"
        }
      },
      {
        "alwaysLoaded": false,
        "file": "assets/Book2.png",
        "kind": "image",
        "metadata": "",
        "name": "assets\\Book2.png",
        "smoothed": true,
        "userAdded": true
      },
      {
        "alwaysLoaded": false,
        "file": "assets/Cute Girl_Idle_1.png",
        "kind": "image",
        "metadata": "",
        "name": "assets\\Cute Girl_Idle_1.png",
        "smoothed": true,
        "userAdded": true
      },
      {
        "alwaysLoaded": false,
        "file": "assets/Book.png",
        "kind": "image",
        "metadata": "",
        "name": "assets\\Book.png",
        "smoothed": true,
        "userAdded": true
      },
      {
        "alwaysLoaded": false,
        "file": "assets/sprites/2.png",
        "kind": "image",
        "metadata": "",
        "name": "assets\\sprites\\2.png",
        "smoothed": true,
        "userAdded": false
      },
      {
        "alwaysLoaded": false,
        "file": "assets/sprites/1.png",
        "kind": "image",
        "metadata": "",
        "name": "assets\\sprites\\1.png",
        "smoothed": true,
        "userAdded": true
      },
      {
        "alwaysLoaded": false,
        "file": "assets/sprites/3.png",
        "kind": "image",
        "metadata": "",
        "name": "assets\\sprites\\3.png",
        "smoothed": true,
        "userAdded": true
      }
    ],
    "resourceFolders": []
  },
  "objects": [],
  "objectsGroups": [],
  "variables": [
    {
      "folded": true,
      "name": "texto",
      "type": "string",
      "value": ""
    }
  ],
  "layouts": [
    {
      "b": 248,
      "disableInputWhenNotFocused": true,
      "mangledName": "Menu",
      "name": "Menu",
      "r": 174,
      "standardSortMethod": true,
      "stopSoundsOnStartup": true,
      "title": "Dia de prova",
      "v": 208,
      "uiSettings": {
        "grid": false,
        "gridType": "rectangular",
        "gridWidth": 32,
        "gridHeight": 32,
        "gridOffsetX": 0,
        "gridOffsetY": 0,
        "gridColor": 10401023,
        "gridAlpha": 0.8,
        "snap": false,
        "zoomFactor": 0.98,
        "windowMask": false
      },
      "objectsGroups": [],
      "variables": [],
      "instances": [
        {
          "angle": 0,
          "customSize": true,
          "height": 75,
          "layer": "",
          "name": "NomeJogo",
          "persistentUuid": "17571da4-d1a6-4827-a9d0-920bb076f79a",
          "width": 442,
          "x": 183,
          "y": 193,
          "zOrder": 2,
          "numberProperties": [],
          "stringProperties": [],
          "initialVariables": []
        },
        {
          "angle": 0,
          "customSize": false,
          "height": 0,
          "layer": "",
          "name": "ButtonPlayer",
          "persistentUuid": "819ae33f-9e43-4fd0-8307-ecb5b64b5994",
          "width": 0,
          "x": 341,
          "y": 322,
          "zOrder": 3,
          "numberProperties": [],
          "stringProperties": [],
          "initialVariables": []
        },
        {
          "angle": 0,
          "customSize": true,
          "height": 614,
          "layer": "",
          "name": "BlueBackground",
          "persistentUuid": "06ad5e5f-a6cb-4973-a77f-73d1bf09f2d9",
          "width": 813,
          "x": -6,
          "y": -6,
          "zOrder": 0,
          "numberProperties": [],
          "stringProperties": [],
          "initialVariables": []
        },
        {
          "angle": 0,
          "customSize": true,
          "height": 236,
          "layer": "",
          "name": "Book",
          "persistentUuid": "b4a0583f-b982-459e-a6b4-69344bb41be2",
          "width": 308,
          "x": 21,
          "y": 44,
          "zOrder": 1,
          "numberProperties": [],
          "stringProperties": [],
          "initialVariables": []
        }
      ],
      "objects": [
        {
          "assetStoreId": "",
          "name": "NomeJogo",
          "tags": "",
          "type": "BBText::BBText",
          "variables": [],
          "effects": [],
          "behaviors": [],
          "content": {
            "text": "[outline=black][b]DIA DE PROVA[/b][/outline] ",
            "opacity": 255,
            "fontSize": 60,
            "visible": true,
            "color": "74;144;226",
            "fontFamily": "Arial",
            "align": "left",
            "wordWrap": true
          }
        },
        {
          "assetStoreId": "",
          "name": "ButtonPlayer",
          "tags": "",
          "type": "BBText::BBText",
          "variables": [],
          "effects": [],
          "behaviors": [],
          "content": {
            "text": "[outline=black][b]LER[/b][/outline]",
            "opacity": 255,
            "fontSize": 50,
            "visible": true,
            "color": "255;255;255",
            "fontFamily": "Arial",
            "align": "left",
            "wordWrap": true
          }
        },
        {
          "assetStoreId": "9eb2d4fcb0ca82e2702bba3f41862a473255ce0d10faea8a0d7e00c15d53cb09",
          "height": 128,
          "name": "BlueBackground",
          "tags": "",
          "texture": "tiled_Blue background.png",
          "type": "TiledSpriteObject::TiledSprite",
          "width": 128,
          "variables": [],
          "effects": [],
          "behaviors": []
        },
        {
          "assetStoreId": "2b3f238814a39df99e262bebc590e6b61f9c527988a8f15b4f5cff847c7383fc",
          "name": "Book",
          "tags": "",
          "type": "Sprite",
          "updateIfNotVisible": false,
          "variables": [],
          "effects": [],
          "behaviors": [],
          "animations": [
            {
              "name": "",
              "useMultipleDirections": false,
              "directions": [
                {
                  "looping": true,
                  "timeBetweenFrames": 0.02500000037252903,
                  "sprites": [
                    {
                      "hasCustomCollisionMask": false,
                      "image": "Book.png",
                      "points": [],
                      "originPoint": {
                        "name": "origine",
                        "x": 0,
                        "y": 0
                      },
                      "centerPoint": {
                        "automatic": true,
                        "name": "centre",
                        "x": 0,
                        "y": 0
                      },
                      "customCollisionMask": []
                    }
                  ]
                }
              ]
            }
          ]
        }
      ],
      "events": [
        {
          "type": "BuiltinCommonInstructions::Standard",
          "conditions": [
            {
              "type": {
                "value": "SourisSurObjet"
              },
              "parameters": [
                "ButtonPlayer",
                "",
                "",
                ""
              ]
            },
            {
              "type": {
                "value": "MouseButtonPressed"
              },
              "parameters": [
                "",
                "Left"
              ]
            },
            {
              "type": {
                "value": "BuiltinCommonInstructions::Once"
              },
              "parameters": []
            }
          ],
          "actions": [
            {
              "type": {
                "value": "Scene"
              },
              "parameters": [
                "",
                "\"Inicio\"",
                ""
              ]
            }
          ]
        }
      ],
      "layers": [
        {
          "ambientLightColorB": 0,
          "ambientLightColorG": 10259136,
          "ambientLightColorR": 16,
          "followBaseLayerCamera": false,
          "isLightingLayer": false,
          "name": "",
          "visibility": true,
          "cameras": [
            {
              "defaultSize": true,
              "defaultViewport": true,
              "height": 0,
              "viewportBottom": 1,
              "viewportLeft": 0,
              "viewportRight": 1,
              "viewportTop": 0,
              "width": 0
            }
          ],
          "effects": []
        }
      ],
      "behaviorsSharedData": []
    },
    {
      "b": 209,
      "disableInputWhenNotFocused": true,
      "mangledName": "Inicio",
      "name": "Inicio",
      "r": 209,
      "standardSortMethod": true,
      "stopSoundsOnStartup": true,
      "title": "",
      "v": 209,
      "uiSettings": {
        "grid": false,
        "gridType": "rectangular",
        "gridWidth": 32,
        "gridHeight": 32,
        "gridOffsetX": 0,
        "gridOffsetY": 0,
        "gridColor": 10401023,
        "gridAlpha": 0.8,
        "snap": false,
        "zoomFactor": 1.04,
        "windowMask": false
      },
      "objectsGroups": [],
      "variables": [],
      "instances": [
        {
          "angle": 0,
          "customSize": true,
          "height": 171,
          "layer": "",
          "name": "TextoInicial",
          "persistentUuid": "b33ae9e9-5b26-4b69-b8a8-18ae38cb056f",
          "width": 653,
          "x": 67,
          "y": 48,
          "zOrder": 1,
          "numberProperties": [],
          "stringProperties": [],
          "initialVariables": []
        },
        {
          "angle": 0,
          "customSize": true,
          "height": 626,
          "layer": "",
          "name": "Background",
          "persistentUuid": "efda8cf8-4e93-41c9-8d31-9b07cff8e716",
          "width": 823,
          "x": -12,
          "y": -14,
          "zOrder": 0,
          "numberProperties": [],
          "stringProperties": [],
          "initialVariables": []
        },
        {
          "angle": 0,
          "customSize": true,
          "height": 159,
          "layer": "",
          "name": "Girl",
          "persistentUuid": "483adcff-b201-45f5-89a1-c688e6808b45",
          "width": 145.05262756347656,
          "x": 430.9473876953125,
          "y": 299,
          "zOrder": 5,
          "numberProperties": [],
          "stringProperties": [],
          "initialVariables": []
        },
        {
          "angle": 0,
          "customSize": true,
          "height": 144.8275909423828,
          "layer": "",
          "name": "Book2",
          "persistentUuid": "28f9227e-da9e-4dc8-ba23-c9b729174834",
          "width": 150,
          "x": 197,
          "y": 311.17242431640625,
          "zOrder": 6,
          "numberProperties": [],
          "stringProperties": [],
          "initialVariables": []
        }
      ],
      "objects": [
        {
          "assetStoreId": "",
          "name": "TextoInicial",
          "tags": "",
          "type": "BBText::BBText",
          "variables": [],
          "effects": [],
          "behaviors": [],
          "content": {
            "text": "Em um belo dia Alice e Lívia estavam em sua casa e seu pai perguntou para as meninas.\n- Pai: Filhas, o que vocês querem fazer hoje?\n- Pai: [b]Brincar[/b] ou estudar para a [b]prova[/b]!!!!!!!",
            "opacity": 255,
            "fontSize": 30,
            "visible": true,
            "color": "0;0;0",
            "fontFamily": "Arial",
            "align": "left",
            "wordWrap": true
          }
        },
        {
          "assetStoreId": "",
          "height": 32,
          "name": "Background",
          "tags": "",
          "texture": "assets\\tiled_Blue background.png",
          "type": "TiledSpriteObject::TiledSprite",
          "width": 32,
          "variables": [],
          "effects": [],
          "behaviors": []
        },
        {
          "assetStoreId": "423f86b8cbc643109f8e4d52fb728be20b2ba08caa7323aabb111eb87a90315c",
          "name": "Book2",
          "tags": "",
          "type": "Sprite",
          "updateIfNotVisible": false,
          "variables": [],
          "effects": [],
          "behaviors": [],
          "animations": [
            {
              "name": "",
              "useMultipleDirections": false,
              "directions": [
                {
                  "looping": true,
                  "timeBetweenFrames": 0.02500000037252903,
                  "sprites": [
                    {
                      "hasCustomCollisionMask": false,
                      "image": "assets\\Book.png",
                      "points": [],
                      "originPoint": {
                        "name": "origine",
                        "x": 0,
                        "y": 0
                      },
                      "centerPoint": {
                        "automatic": true,
                        "name": "centre",
                        "x": 0,
                        "y": 0
                      },
                      "customCollisionMask": []
                    }
                  ]
                }
              ]
            }
          ]
        },
        {
          "assetStoreId": "",
          "name": "Girl",
          "tags": "",
          "type": "Sprite",
          "updateIfNotVisible": false,
          "variables": [],
          "effects": [],
          "behaviors": [],
          "animations": [
            {
              "name": "",
              "useMultipleDirections": false,
              "directions": [
                {
                  "looping": false,
                  "timeBetweenFrames": 0.08,
                  "sprites": [
                    {
                      "hasCustomCollisionMask": false,
                      "image": "assets\\Cute Girl_Idle_1.png",
                      "points": [],
                      "originPoint": {
                        "name": "origine",
                        "x": 0,
                        "y": 0
                      },
                      "centerPoint": {
                        "automatic": true,
                        "name": "centre",
                        "x": 0,
                        "y": 0
                      },
                      "customCollisionMask": []
                    }
                  ]
                }
              ]
            }
          ]
        }
      ],
      "events": [
        {
          "type": "BuiltinCommonInstructions::Standard",
          "conditions": [
            {
              "type": {
                "value": "SourisSurObjet"
              },
              "parameters": [
                "Book2",
                "",
                "",
                ""
              ]
            },
            {
              "type": {
                "value": "MouseButtonPressed"
              },
              "parameters": [
                "",
                "Left"
              ]
            },
            {
              "type": {
                "value": "BuiltinCommonInstructions::Once"
              },
              "parameters": []
            }
          ],
          "actions": [
            {
              "type": {
                "value": "Scene"
              },
              "parameters": [
                "",
                "\"Estudar\"",
                ""
              ]
            }
          ]
        },
        {
          "type": "BuiltinCommonInstructions::Standard",
          "conditions": [
            {
              "type": {
                "value": "SourisSurObjet"
              },
              "parameters": [
                "Girl",
                "",
                "",
                ""
              ]
            },
            {
              "type": {
                "value": "MouseButtonPressed"
              },
              "parameters": [
                "",
                "Left"
              ]
            },
            {
              "type": {
                "value": "BuiltinCommonInstructions::Once"
              },
              "parameters": []
            }
          ],
          "actions": [
            {
              "type": {
                "value": "Scene"
              },
              "parameters": [
                "",
                "\"Brincar\"",
                ""
              ]
            }
          ]
        }
      ],
      "layers": [
        {
          "ambientLightColorB": 0,
          "ambientLightColorG": 0,
          "ambientLightColorR": 0,
          "followBaseLayerCamera": false,
          "isLightingLayer": false,
          "name": "",
          "visibility": true,
          "cameras": [
            {
              "defaultSize": true,
              "defaultViewport": true,
              "height": 0,
              "viewportBottom": 1,
              "viewportLeft": 0,
              "viewportRight": 1,
              "viewportTop": 0,
              "width": 0
            }
          ],
          "effects": []
        }
      ],
      "behaviorsSharedData": []
    },
    {
      "b": 209,
      "disableInputWhenNotFocused": true,
      "mangledName": "Brincar",
      "name": "Brincar",
      "r": 209,
      "standardSortMethod": true,
      "stopSoundsOnStartup": true,
      "title": "",
      "v": 209,
      "uiSettings": {
        "grid": false,
        "gridType": "rectangular",
        "gridWidth": 32,
        "gridHeight": 32,
        "gridOffsetX": 0,
        "gridOffsetY": 0,
        "gridColor": 10401023,
        "gridAlpha": 0.8,
        "snap": false,
        "zoomFactor": 1,
        "windowMask": false
      },
      "objectsGroups": [],
      "variables": [],
      "instances": [
        {
          "angle": 0,
          "customSize": true,
          "height": 617,
          "layer": "",
          "name": "Background",
          "persistentUuid": "e00cdc8f-4596-4bf3-a7ff-f75c9a6abc20",
          "width": 818,
          "x": -10,
          "y": -8,
          "zOrder": 1,
          "numberProperties": [],
          "stringProperties": [],
          "initialVariables": []
        },
        {
          "angle": 0,
          "customSize": true,
          "height": 326,
          "layer": "",
          "name": "Brincar",
          "persistentUuid": "551a3a5e-b137-4246-babf-f026f52dbcb2",
          "width": 392.8077087402344,
          "x": 52.192291259765625,
          "y": 36,
          "zOrder": 2,
          "numberProperties": [],
          "stringProperties": [],
          "initialVariables": []
        },
        {
          "angle": 0,
          "customSize": false,
          "height": 0,
          "layer": "",
          "name": "TextoBrincar",
          "persistentUuid": "b73f3d47-0399-4076-8a2c-3caf3b375c70",
          "width": 0,
          "x": 449,
          "y": 63,
          "zOrder": 3,
          "numberProperties": [],
          "stringProperties": [],
          "initialVariables": []
        },
        {
          "angle": 0,
          "customSize": true,
          "height": 92,
          "layer": "",
          "name": "ButtonIr",
          "persistentUuid": "dab61d25-feb5-40fb-bc68-9bc588ae772d",
          "width": 364,
          "x": 237,
          "y": 427,
          "zOrder": 4,
          "numberProperties": [],
          "stringProperties": [],
          "initialVariables": []
        }
      ],
      "objects": [
        {
          "assetStoreId": "",
          "height": 32,
          "name": "Background",
          "tags": "",
          "texture": "tiled_Blue background.png",
          "type": "TiledSpriteObject::TiledSprite",
          "width": 32,
          "variables": [],
          "effects": [],
          "behaviors": []
        },
        {
          "assetStoreId": "",
          "name": "Brincar",
          "tags": "",
          "type": "Sprite",
          "updateIfNotVisible": false,
          "variables": [],
          "effects": [],
          "behaviors": [],
          "animations": [
            {
              "name": "",
              "useMultipleDirections": false,
              "directions": [
                {
                  "looping": false,
                  "timeBetweenFrames": 0.08,
                  "sprites": [
                    {
                      "hasCustomCollisionMask": false,
                      "image": "assets\\sprites\\1.png",
                      "points": [],
                      "originPoint": {
                        "name": "origine",
                        "x": 0,
                        "y": 0
                      },
                      "centerPoint": {
                        "automatic": true,
                        "name": "centre",
                        "x": 0,
                        "y": 0
                      },
                      "customCollisionMask": []
                    }
                  ]
                }
              ]
            }
          ]
        },
        {
          "assetStoreId": "",
          "name": "TextoBrincar",
          "tags": "",
          "type": "BBText::BBText",
          "variables": [],
          "effects": [],
          "behaviors": [],
          "content": {
            "text": "O dia foi muito legal, minhas filhas brincaram muito....\nApós o almoço ambas devem ir para a escola fazer a prova.",
            "opacity": 255,
            "fontSize": 30,
            "visible": true,
            "color": "0;0;0",
            "fontFamily": "Arial",
            "align": "left",
            "wordWrap": true
          }
        },
        {
          "assetStoreId": "",
          "name": "ButtonIr",
          "tags": "",
          "type": "BBText::BBText",
          "variables": [],
          "effects": [],
          "behaviors": [],
          "content": {
            "text": "[outline=black][b]IR PARA A ESCOLA[/b][/outline]",
            "opacity": 255,
            "fontSize": 35,
            "visible": true,
            "color": "255;255;255",
            "fontFamily": "Arial",
            "align": "left",
            "wordWrap": true
          }
        }
      ],
      "events": [
        {
          "type": "BuiltinCommonInstructions::Standard",
          "conditions": [
            {
              "type": {
                "value": "SourisSurObjet"
              },
              "parameters": [
                "ButtonIr",
                "",
                "",
                ""
              ]
            },
            {
              "type": {
                "value": "MouseButtonPressed"
              },
              "parameters": [
                "",
                "Left"
              ]
            },
            {
              "type": {
                "value": "BuiltinCommonInstructions::Once"
              },
              "parameters": []
            }
          ],
          "actions": [
            {
              "type": {
                "value": "Scene"
              },
              "parameters": [
                "",
                "\"BrincarFinal\"",
                ""
              ]
            }
          ]
        },
        {
          "type": "BuiltinCommonInstructions::Standard",
          "conditions": [],
          "actions": []
        }
      ],
      "layers": [
        {
          "ambientLightColorB": 7909240,
          "ambientLightColorG": 150995054,
          "ambientLightColorR": 1869182049,
          "followBaseLayerCamera": false,
          "isLightingLayer": false,
          "name": "",
          "visibility": true,
          "cameras": [
            {
              "defaultSize": true,
              "defaultViewport": true,
              "height": 0,
              "viewportBottom": 1,
              "viewportLeft": 0,
              "viewportRight": 1,
              "viewportTop": 0,
              "width": 0
            }
          ],
          "effects": []
        }
      ],
      "behaviorsSharedData": []
    },
    {
      "b": 209,
      "disableInputWhenNotFocused": true,
      "mangledName": "BrincarFinal",
      "name": "BrincarFinal",
      "r": 209,
      "standardSortMethod": true,
      "stopSoundsOnStartup": true,
      "title": "",
      "v": 209,
      "uiSettings": {
        "grid": false,
        "gridType": "rectangular",
        "gridWidth": 32,
        "gridHeight": 32,
        "gridOffsetX": 0,
        "gridOffsetY": 0,
        "gridColor": 10401023,
        "gridAlpha": 0.8,
        "snap": false,
        "zoomFactor": 1,
        "windowMask": false
      },
      "objectsGroups": [],
      "variables": [],
      "instances": [
        {
          "angle": 0,
          "customSize": true,
          "height": 617,
          "layer": "",
          "name": "Background",
          "persistentUuid": "e00cdc8f-4596-4bf3-a7ff-f75c9a6abc20",
          "width": 818,
          "x": -10,
          "y": -8,
          "zOrder": 1,
          "numberProperties": [],
          "stringProperties": [],
          "initialVariables": []
        },
        {
          "angle": 0,
          "customSize": true,
          "height": 326,
          "layer": "",
          "name": "Estudar",
          "persistentUuid": "551a3a5e-b137-4246-babf-f026f52dbcb2",
          "width": 392.8077087402344,
          "x": 52.192291259765625,
          "y": 36,
          "zOrder": 2,
          "numberProperties": [],
          "stringProperties": [],
          "initialVariables": []
        },
        {
          "angle": 0,
          "customSize": false,
          "height": 0,
          "layer": "",
          "name": "TextoEstudar",
          "persistentUuid": "b73f3d47-0399-4076-8a2c-3caf3b375c70",
          "width": 0,
          "x": 438,
          "y": 72,
          "zOrder": 3,
          "numberProperties": [],
          "stringProperties": [],
          "initialVariables": []
        },
        {
          "angle": 0,
          "customSize": true,
          "height": 59,
          "layer": "",
          "name": "ButtonIr",
          "persistentUuid": "dab61d25-feb5-40fb-bc68-9bc588ae772d",
          "width": 80,
          "x": 368,
          "y": 450,
          "zOrder": 4,
          "numberProperties": [],
          "stringProperties": [],
          "initialVariables": []
        }
      ],
      "objects": [
        {
          "assetStoreId": "",
          "height": 32,
          "name": "Background",
          "tags": "",
          "texture": "tiled_Blue background.png",
          "type": "TiledSpriteObject::TiledSprite",
          "width": 32,
          "variables": [],
          "effects": [],
          "behaviors": []
        },
        {
          "assetStoreId": "",
          "name": "Estudar",
          "tags": "",
          "type": "Sprite",
          "updateIfNotVisible": false,
          "variables": [],
          "effects": [],
          "behaviors": [],
          "animations": [
            {
              "name": "",
              "useMultipleDirections": false,
              "directions": [
                {
                  "looping": false,
                  "timeBetweenFrames": 0.08,
                  "sprites": [
                    {
                      "hasCustomCollisionMask": false,
                      "image": "assets\\sprites\\3.png",
                      "points": [],
                      "originPoint": {
                        "name": "origine",
                        "x": 0,
                        "y": 0
                      },
                      "centerPoint": {
                        "automatic": true,
                        "name": "centre",
                        "x": 0,
                        "y": 0
                      },
                      "customCollisionMask": []
                    }
                  ]
                }
              ]
            }
          ]
        },
        {
          "assetStoreId": "",
          "name": "TextoEstudar",
          "tags": "",
          "type": "BBText::BBText",
          "variables": [],
          "effects": [],
          "behaviors": [],
          "content": {
            "text": "A aula não foi incrível!!!!!\nAs minhas filhas não obtioveram ótimas notas por que não estudaram.....",
            "opacity": 255,
            "fontSize": 30,
            "visible": true,
            "color": "0;0;0",
            "fontFamily": "Arial",
            "align": "left",
            "wordWrap": true
          }
        },
        {
          "assetStoreId": "",
          "name": "ButtonIr",
          "tags": "",
          "type": "BBText::BBText",
          "variables": [],
          "effects": [],
          "behaviors": [],
          "content": {
            "text": "[outline=black][b]FIM[/b][/outline]",
            "opacity": 255,
            "fontSize": 35,
            "visible": true,
            "color": "255;255;255",
            "fontFamily": "Arial",
            "align": "left",
            "wordWrap": true
          }
        }
      ],
      "events": [
        {
          "type": "BuiltinCommonInstructions::Standard",
          "conditions": [],
          "actions": [
            {
              "type": {
                "value": "Wait"
              },
              "parameters": [
                "5"
              ]
            },
            {
              "type": {
                "value": "Scene"
              },
              "parameters": [
                "",
                "\"Menu\"",
                ""
              ]
            }
          ]
        }
      ],
      "layers": [
        {
          "ambientLightColorB": 7909240,
          "ambientLightColorG": 150995054,
          "ambientLightColorR": 1869182049,
          "followBaseLayerCamera": false,
          "isLightingLayer": false,
          "name": "",
          "visibility": true,
          "cameras": [
            {
              "defaultSize": true,
              "defaultViewport": true,
              "height": 0,
              "viewportBottom": 1,
              "viewportLeft": 0,
              "viewportRight": 1,
              "viewportTop": 0,
              "width": 0
            }
          ],
          "effects": []
        }
      ],
      "behaviorsSharedData": []
    },
    {
      "b": 209,
      "disableInputWhenNotFocused": true,
      "mangledName": "EstudarFinal",
      "name": "EstudarFinal",
      "r": 209,
      "standardSortMethod": true,
      "stopSoundsOnStartup": true,
      "title": "",
      "v": 209,
      "uiSettings": {
        "grid": false,
        "gridType": "rectangular",
        "gridWidth": 32,
        "gridHeight": 32,
        "gridOffsetX": 0,
        "gridOffsetY": 0,
        "gridColor": 10401023,
        "gridAlpha": 0.8,
        "snap": false,
        "zoomFactor": 1,
        "windowMask": false
      },
      "objectsGroups": [],
      "variables": [],
      "instances": [
        {
          "angle": 0,
          "customSize": true,
          "height": 617,
          "layer": "",
          "name": "Background",
          "persistentUuid": "e00cdc8f-4596-4bf3-a7ff-f75c9a6abc20",
          "width": 818,
          "x": -10,
          "y": -8,
          "zOrder": 1,
          "numberProperties": [],
          "stringProperties": [],
          "initialVariables": []
        },
        {
          "angle": 0,
          "customSize": true,
          "height": 326,
          "layer": "",
          "name": "Estudar",
          "persistentUuid": "551a3a5e-b137-4246-babf-f026f52dbcb2",
          "width": 392.8077087402344,
          "x": 52.192291259765625,
          "y": 36,
          "zOrder": 2,
          "numberProperties": [],
          "stringProperties": [],
          "initialVariables": []
        },
        {
          "angle": 0,
          "customSize": false,
          "height": 0,
          "layer": "",
          "name": "TextoEstudar",
          "persistentUuid": "b73f3d47-0399-4076-8a2c-3caf3b375c70",
          "width": 0,
          "x": 438,
          "y": 72,
          "zOrder": 3,
          "numberProperties": [],
          "stringProperties": [],
          "initialVariables": []
        },
        {
          "angle": 0,
          "customSize": true,
          "height": 59,
          "layer": "",
          "name": "ButtonIr",
          "persistentUuid": "dab61d25-feb5-40fb-bc68-9bc588ae772d",
          "width": 80,
          "x": 368,
          "y": 450,
          "zOrder": 4,
          "numberProperties": [],
          "stringProperties": [],
          "initialVariables": []
        }
      ],
      "objects": [
        {
          "assetStoreId": "",
          "height": 32,
          "name": "Background",
          "tags": "",
          "texture": "tiled_Blue background.png",
          "type": "TiledSpriteObject::TiledSprite",
          "width": 32,
          "variables": [],
          "effects": [],
          "behaviors": []
        },
        {
          "assetStoreId": "",
          "name": "Estudar",
          "tags": "",
          "type": "Sprite",
          "updateIfNotVisible": false,
          "variables": [],
          "effects": [],
          "behaviors": [],
          "animations": [
            {
              "name": "",
              "useMultipleDirections": false,
              "directions": [
                {
                  "looping": false,
                  "timeBetweenFrames": 0.08,
                  "sprites": [
                    {
                      "hasCustomCollisionMask": false,
                      "image": "assets\\sprites\\3.png",
                      "points": [],
                      "originPoint": {
                        "name": "origine",
                        "x": 0,
                        "y": 0
                      },
                      "centerPoint": {
                        "automatic": true,
                        "name": "centre",
                        "x": 0,
                        "y": 0
                      },
                      "customCollisionMask": []
                    }
                  ]
                }
              ]
            }
          ]
        },
        {
          "assetStoreId": "",
          "name": "TextoEstudar",
          "tags": "",
          "type": "BBText::BBText",
          "variables": [],
          "effects": [],
          "behaviors": [],
          "content": {
            "text": "A aula foi incrível!!!!!\nAs minhas filhas obtioveram ótimas notas.....",
            "opacity": 255,
            "fontSize": 30,
            "visible": true,
            "color": "0;0;0",
            "fontFamily": "Arial",
            "align": "left",
            "wordWrap": true
          }
        },
        {
          "assetStoreId": "",
          "name": "ButtonIr",
          "tags": "",
          "type": "BBText::BBText",
          "variables": [],
          "effects": [],
          "behaviors": [],
          "content": {
            "text": "[outline=black][b]FIM[/b][/outline]",
            "opacity": 255,
            "fontSize": 35,
            "visible": true,
            "color": "255;255;255",
            "fontFamily": "Arial",
            "align": "left",
            "wordWrap": true
          }
        }
      ],
      "events": [
        {
          "type": "BuiltinCommonInstructions::Standard",
          "conditions": [],
          "actions": [
            {
              "type": {
                "value": "Wait"
              },
              "parameters": [
                "5"
              ]
            },
            {
              "type": {
                "value": "Scene"
              },
              "parameters": [
                "",
                "\"Menu\"",
                ""
              ]
            }
          ]
        }
      ],
      "layers": [
        {
          "ambientLightColorB": 7909240,
          "ambientLightColorG": 150995054,
          "ambientLightColorR": 1869182049,
          "followBaseLayerCamera": false,
          "isLightingLayer": false,
          "name": "",
          "visibility": true,
          "cameras": [
            {
              "defaultSize": true,
              "defaultViewport": true,
              "height": 0,
              "viewportBottom": 1,
              "viewportLeft": 0,
              "viewportRight": 1,
              "viewportTop": 0,
              "width": 0
            }
          ],
          "effects": []
        }
      ],
      "behaviorsSharedData": []
    },
    {
      "b": 209,
      "disableInputWhenNotFocused": true,
      "mangledName": "Estudar",
      "name": "Estudar",
      "r": 209,
      "standardSortMethod": true,
      "stopSoundsOnStartup": true,
      "title": "",
      "v": 209,
      "uiSettings": {
        "grid": false,
        "gridType": "rectangular",
        "gridWidth": 32,
        "gridHeight": 32,
        "gridOffsetX": 0,
        "gridOffsetY": 0,
        "gridColor": 10401023,
        "gridAlpha": 0.8,
        "snap": false,
        "zoomFactor": 1,
        "windowMask": false
      },
      "objectsGroups": [],
      "variables": [],
      "instances": [
        {
          "angle": 0,
          "customSize": true,
          "height": 617,
          "layer": "",
          "name": "Background",
          "persistentUuid": "e00cdc8f-4596-4bf3-a7ff-f75c9a6abc20",
          "width": 818,
          "x": -10,
          "y": -8,
          "zOrder": 1,
          "numberProperties": [],
          "stringProperties": [],
          "initialVariables": []
        },
        {
          "angle": 0,
          "customSize": true,
          "height": 326,
          "layer": "",
          "name": "Estudar",
          "persistentUuid": "551a3a5e-b137-4246-babf-f026f52dbcb2",
          "width": 392.8077087402344,
          "x": 52.192291259765625,
          "y": 36,
          "zOrder": 2,
          "numberProperties": [],
          "stringProperties": [],
          "initialVariables": []
        },
        {
          "angle": 0,
          "customSize": false,
          "height": 0,
          "layer": "",
          "name": "TextoEstudar",
          "persistentUuid": "b73f3d47-0399-4076-8a2c-3caf3b375c70",
          "width": 0,
          "x": 449,
          "y": 63,
          "zOrder": 3,
          "numberProperties": [],
          "stringProperties": [],
          "initialVariables": []
        },
        {
          "angle": 0,
          "customSize": true,
          "height": 92,
          "layer": "",
          "name": "ButtonIr",
          "persistentUuid": "dab61d25-feb5-40fb-bc68-9bc588ae772d",
          "width": 364,
          "x": 237,
          "y": 427,
          "zOrder": 4,
          "numberProperties": [],
          "stringProperties": [],
          "initialVariables": []
        }
      ],
      "objects": [
        {
          "assetStoreId": "",
          "height": 32,
          "name": "Background",
          "tags": "",
          "texture": "tiled_Blue background.png",
          "type": "TiledSpriteObject::TiledSprite",
          "width": 32,
          "variables": [],
          "effects": [],
          "behaviors": []
        },
        {
          "assetStoreId": "",
          "name": "Estudar",
          "tags": "",
          "type": "Sprite",
          "updateIfNotVisible": false,
          "variables": [],
          "effects": [],
          "behaviors": [],
          "animations": [
            {
              "name": "",
              "useMultipleDirections": false,
              "directions": [
                {
                  "looping": false,
                  "timeBetweenFrames": 0.08,
                  "sprites": [
                    {
                      "hasCustomCollisionMask": false,
                      "image": "assets\\sprites\\2.png",
                      "points": [],
                      "originPoint": {
                        "name": "origine",
                        "x": 0,
                        "y": 0
                      },
                      "centerPoint": {
                        "automatic": true,
                        "name": "centre",
                        "x": 0,
                        "y": 0
                      },
                      "customCollisionMask": []
                    }
                  ]
                }
              ]
            }
          ]
        },
        {
          "assetStoreId": "",
          "name": "TextoEstudar",
          "tags": "",
          "type": "BBText::BBText",
          "variables": [],
          "effects": [],
          "behaviors": [],
          "content": {
            "text": "O dia foi muito legal, minhas filhas estudaram muito....\nApós o almoço ambas devem ir para a escola fazer a prova.",
            "opacity": 255,
            "fontSize": 30,
            "visible": true,
            "color": "0;0;0",
            "fontFamily": "Arial",
            "align": "left",
            "wordWrap": true
          }
        },
        {
          "assetStoreId": "",
          "name": "ButtonIr",
          "tags": "",
          "type": "BBText::BBText",
          "variables": [],
          "effects": [],
          "behaviors": [],
          "content": {
            "text": "[outline=black][b]IR PARA A ESCOLA[/b][/outline]",
            "opacity": 255,
            "fontSize": 35,
            "visible": true,
            "color": "255;255;255",
            "fontFamily": "Arial",
            "align": "left",
            "wordWrap": true
          }
        }
      ],
      "events": [
        {
          "type": "BuiltinCommonInstructions::Standard",
          "conditions": [
            {
              "type": {
                "value": "SourisSurObjet"
              },
              "parameters": [
                "ButtonIr",
                "",
                "",
                ""
              ]
            },
            {
              "type": {
                "value": "MouseButtonPressed"
              },
              "parameters": [
                "",
                "Left"
              ]
            },
            {
              "type": {
                "value": "BuiltinCommonInstructions::Once"
              },
              "parameters": []
            }
          ],
          "actions": [
            {
              "type": {
                "value": "Scene"
              },
              "parameters": [
                "",
                "\"EstudarFinal\"",
                ""
              ]
            }
          ]
        }
      ],
      "layers": [
        {
          "ambientLightColorB": 7909240,
          "ambientLightColorG": 150995054,
          "ambientLightColorR": 1869182049,
          "followBaseLayerCamera": false,
          "isLightingLayer": false,
          "name": "",
          "visibility": true,
          "cameras": [
            {
              "defaultSize": true,
              "defaultViewport": true,
              "height": 0,
              "viewportBottom": 1,
              "viewportLeft": 0,
              "viewportRight": 1,
              "viewportTop": 0,
              "width": 0
            }
          ],
          "effects": []
        }
      ],
      "behaviorsSharedData": []
    }
  ],
  "externalEvents": [],
  "eventsFunctionsExtensions": [],
  "externalLayouts": [],
  "externalSourceFiles": []
}